
        
INSERT INTO SUPERVISOR_PROJ VALUES(33277, 'Ahmad', 0194536721, 'ahmad29@live.iium.edu.my'); 

INSERT INTO SUPERVISOR_PROJ VALUES(77973, 'Ibrahim', 0184327329, 'ibrahim.ali532@ live.iium.edu.my'); 

INSERT INTO SUPERVISOR_PROJ VALUES(89142, 'Zainab', 0135267313, 'zainab432@ live.iium.edu.my'); 

INSERT INTO SUPERVISOR_PROJ VALUES(16712, 'Fatimah', 01187353421, 'fatimah.ahmad521@ live.iium.edu.my');

INSERT INTO SUPERVISOR_PROJ VALUES(77023, 'Sufyan', 0195832918, 'bigcow41csad@ live.iium.edu.my');

INSERT INTO SUPERVISOR_PROJ VALUES(97876, 'Maimuna', 0168712347, 'littlemouse4321@ live.iium.edu.my');

INSERT INTO SUPERVISOR_PROJ VALUES(14973, 'Atif', 0125324245, 'Atif434234@ live.iium.edu.my');

INSERT INTO SUPERVISOR_PROJ VALUES(88035, 'Badr', 0142824214, 'Badr3432432@ live.iium.edu.my');

INSERT INTO SUPERVISOR_PROJ VALUES(90856, 'Basheer', 0157382425, 'Basheer3847@ live.iium.edu.my');

INSERT INTO SUPERVISOR_PROJ VALUES(66351, 'Dalil', 0152952523, 'Dalil4234324@ live.iium.edu.my');

INSERT INTO SUPERVISOR_PROJ VALUES(98434, 'Hana', 01935735483, 'Hana332432@ live.iium.edu.my');

INSERT INTO SUPERVISOR_PROJ VALUES(17729, 'Jameela', 01124324923, 'Jameela34234@ live.iium.edu.my');

INSERT INTO SUPERVISOR_PROJ VALUES(31381, 'Dariya', 0175343484, 'Dariva3424@ live.iium.edu.my');

INSERT INTO SUPERVISOR_PROJ VALUES(89718, 'Asma', 0163249732, 'Asma34244@ live.iium.edu.my');

INSERT INTO SUPERVISOR_PROJ VALUES(48278, 'Aisha', 0128936324, 'Aisha34324@ live.iium.edu.my');

INSERT INTO SUPERVISOR_PROJ VALUES(54695, 'Huda', 0124962147, 'Huda34324@ live.iium.edu.my');

INSERT INTO SUPERVISOR_PROJ VALUES(95785, 'Iman', 0175326324, 'Iman3424324@ live.iium.edu.my');


INSERT INTO MAHALLAH_PROJ VALUES(1, 'Al-Faruq', 'Male', 916, 33277);

INSERT INTO MAHALLAH_PROJ VALUES(2, 'Ali Ibn Abu Talib', 'Male', 1078, 77973);

INSERT INTO MAHALLAH_PROJ VALUES(3, 'As-Siddiq', 'Male', 940, 77023);

INSERT INTO MAHALLAH_PROJ VALUES(4, 'Bilal Bin Rabah', 'Male', 1078, 14973);

INSERT INTO MAHALLAH_PROJ VALUES(5, 'Uthman Bin Al-Affan', 'Male', 915, 88035);

INSERT INTO MAHALLAH_PROJ VALUES(6, 'Zubair Al-Awwam', 'Male', 1213, 90856);

INSERT INTO MAHALLAH_PROJ VALUES(7, 'Salahuddin Al-Ayyubi', 'Mix', 1146, 66351);

INSERT INTO MAHALLAH_PROJ VALUES(8, 'Ruqayyah', 'Mix', 1183, 98434);

INSERT INTO MAHALLAH_PROJ VALUES(9, 'Aminah', 'Female', 1132, 89142);

INSERT INTO MAHALLAH_PROJ VALUES(10, 'Asiah', 'Female', 1152, 16712);

INSERT INTO MAHALLAH_PROJ VALUES(11, 'Asma', 'Female',856, 97876);

INSERT INTO MAHALLAH_PROJ VALUES(12, 'Hafsa', 'Female', 856, 17729);

INSERT INTO MAHALLAH_PROJ VALUES(13, 'Halimatus Saadiyah', 'Female', 866, 31381);

INSERT INTO MAHALLAH_PROJ VALUES(14, 'Maryam', 'Female', 816, 89718);

INSERT INTO MAHALLAH_PROJ VALUES(15, 'Nusaibah', 'Female', 856, 48278);

INSERT INTO MAHALLAH_PROJ VALUES(16, 'Safiyah', 'Female', 1224, 54695);

INSERT INTO MAHALLAH_PROJ VALUES(17, 'Sumayyah', 'Female', 846, 95785);


INSERT INTO STUDENT_PROJ VALUES(1918908,'Fatima Razak','Others',74627891,13,'G',310,'B');

INSERT INTO STUDENT_PROJ VALUES(1916352,'Zainab Bt. Ahmad','Malaysia',990714095168,14,'A',111,'D');

INSERT INTO STUDENT_PROJ VALUES(1918222,'Sufian Abdurahman','Others',29086655,2,'D',204,'B');

INSERT INTO STUDENT_PROJ VALUES(1917923,'Faisal B. Khairul','Malaysia',981025073545,6,'F',305,'C');

INSERT INTO STUDENT_PROJ VALUES(2015324,'Amri B. Ahmad','Malaysia',000420109331,1,'C',203,'B');

INSERT INTO STUDENT_PROJ VALUES(2014470,'Zakarya Ehsan','Others',79050384,12,'D',107,'C');

INSERT INTO STUDENT_PROJ VALUES(2017644,'Zulaikha Bt. Hassan','Malaysia',970515112189,10,'G',411,'D');

INSERT INTO STUDENT_PROJ VALUES(2014263,'Emma Adnan','Others',26168579,14,'B',303,'B');

INSERT INTO STUDENT_PROJ VALUES(2012252,'Maymuna Husin','Others',15581311,15,'E',212,'A');

INSERT INTO STUDENT_PROJ VALUES(1819661,'Fatimah Bt. Zakaria','Malaysia',971204041538,14,'F',210,'B');

INSERT INTO STUDENT_PROJ VALUES(1811486,'Imran B. Amin','Malaysia',971127097261,5,'G',305,'D');

INSERT INTO STUDENT_PROJ VALUES(1818644,'Zainab Richard','Others',57783860,17,'B',102,'B');

INSERT INTO STUDENT_PROJ VALUES(1826695,'Hessan Mehdi','Others',88807972,6,'D',103,'C');

INSERT INTO STUDENT_PROJ VALUES(1821757,'Khatija Suleyman','Others',48915698,16,'F',407,'A');

INSERT INTO STUDENT_PROJ VALUES(1716345,'Akeef B. Murshidy','Malaysia',961224111231,4,'B',311,'B');

INSERT INTO STUDENT_PROJ VALUES(1714978,'Syafiqah Bt. Muhammad','Malaysia',960624041738,16,'G',304,'C');

INSERT INTO STUDENT_PROJ VALUES(1718228,'Amat Sudrawadi','Others',13797183,7,'F',402,'A');

INSERT INTO STUDENT_PROJ VALUES(1729094,'Putri Alya Bt. Razman','Malaysia',961027047706,8,'A',408,'D');

INSERT INTO STUDENT_PROJ VALUES(1729043,'Asyiqin Bt. Razak','Malaysia',961128109734,7,'D',104,'A');

INSERT INTO STUDENT_PROJ VALUES(1725497,'Diaby Mustaqeem','Others',94676786,17,'G',203,'B');

INSERT INTO STUDENT_PROJ VALUES(1615961,'Ismail B. Izzani','Malaysia',950927037435,3,'C',405,'D');

INSERT INTO STUDENT_PROJ VALUES(1618390,'Maria Zafar','Others',65089863,13,'F',204,'C');

INSERT INTO PRESCRIPTION_PROJ VALUES(776575,'Antiviral drugs',NULL,NULL,'Asymptomatic');

INSERT INTO PRESCRIPTION_PROJ VALUES(849076,'Antiviral drugs','Hydroxychloroquine',NULL,'Mild');

INSERT INTO PRESCRIPTION_PROJ VALUES(693061,'Antiviral drugs','Dexamethasone','Hydroxychloroquine','Severe');

INSERT INTO PRESCRIPTION_PROJ VALUES(732166,'Antiviral drugs','Dexamethasone','Hydroxychloroquine','Severe')
;
INSERT INTO PRESCRIPTION_PROJ VALUES(443494,'Antiviral drugs','Hydroxychloroquine',NULL,'Asymptomatic');

INSERT INTO PRESCRIPTION_PROJ VALUES(184641,'Antiviral drugs',NULL,NULL,'Asymptomatic');

INSERT INTO PRESCRIPTION_PROJ VALUES(819990,'Antiviral drugs','Dexamethasone','Hydroxychloroquine','Severe');

INSERT INTO ADMISSION_PROJ VALUES(1778627,TO_DATE('22-AUG-20'),TO_DATE('11-SEP-20'),'1916352','776575','Hospital Kuala Lumpur','Zamrud',23945);

INSERT INTO ADMISSION_PROJ VALUES(2020313,TO_DATE('31-AUG-20'),TO_DATE('20-SEP-20'),'2017644','849076','Hospital Sungai Buloh','Intan',37970);

INSERT INTO ADMISSION_PROJ VALUES(2465639,TO_DATE('05-SEP-20'),NULL,'2012252','693061','Hospital Kuala Lumpur','Iman',11535);

INSERT INTO ADMISSION_PROJ VALUES(2512797,TO_DATE('11-SEP-20'),TO_DATE('01-OCT-20'),'1818644','732166','Hospital Sungai Buloh','Mutiara',99013);

INSERT INTO ADMISSION_PROJ VALUES(5115452,TO_DATE('17-SEP-20'),TO_DATE('07-OCT-20'),'1714978','443494','Hospital Sungai Buloh','Ruby',37597);

INSERT INTO ADMISSION_PROJ VALUES(2996111,TO_DATE('25-SEP-20'),TO_DATE('10-OCT-20'),'1618390','184641','Hospital Sungai Buloh','Kristal',14197);

INSERT INTO ADMISSION_PROJ VALUES(618940,TO_DATE('01-OCT-20'),NULL,'1714978','819990','Hospital Kuala Lumpur','Nur',57028);
